"User_hour_ID","HR_avg","HR_variance","HR_differential_avg","HR_differential_variance","HR_max","HR_min","HRV_avg","HRV_variance","rec_no","device_id","id"
"_2016_5_22_10","91.0","144.71260147002212","6.5","6.442049363362563","122.0","60.0","693.7058823529412","144.71260147002212","3","395a4c4eeafa553e","3"
"_2016_5_22_11","96.0","66.42756432216335","4.48","4.48","117.0","76.0","627.6153846153846","66.42756432216335","4","395a4c4eeafa553e","4"
"_2016_6_3_17","80.04347826086956","38.49081102135008","1.9545454545454546","1.9545454545454546","90.0","75.0","746.6086956521739","38.49081102135008","5","395a4c4eeafa553e","5"
"_2016_6_3_18","83.61290322580645","42.11732287997996","2.6333333333333333","2.6333333333333324","97.0","78.0","700.741935483871","42.11732287997996","6","395a4c4eeafa553e","6"
"_2016_6_3_19","81.66666666666667","51.28970275616176","4.375","4.375","101.0","70.0","720.8181818181819","51.28970275616176","7","395a4c4eeafa553e","7"
"_2016_6_3_20","77.96153846153847","59.85654695200644","2.2","2.155550973649197","87.0","69.0","756.0384615384615","59.85654695200644","8","395a4c4eeafa553e","8"
"_2016_6_3_21","76.45","69.2151717472405","3.3157894736842106","3.315789473684211","97.0","70.0","777.6","69.2151717472405","9","395a4c4eeafa553e","9"
"_2016_6_3_22","75.95454545454545","64.01299261197289","1.9523809523809523","1.905328713851898","92.0","70.0","798.1363636363636","64.01299261197289","10","395a4c4eeafa553e","10"
"hoanghuuson_2016_6_4_9","94.4","84.52360617011084","3.857142857142857","3.857142857142857","120.0","75.0","636.6","84.52360617011084","11","395a4c4eeafa553e","11"
"hoanghuuson_2016_6_10_10","75.92307692307692","88.17424921626535","2.5833333333333335","2.515231378797762","92.0","62.0","777.6153846153846","88.17424921626535","12","395a4c4eeafa553e","12"
"hoanghuuson_2016_6_10_11","78.17647058823529","107.21843305860823","3.1875","3.1875","111.0","61.0","801.8235294117648","107.21843305860823","13","395a4c4eeafa553e","13"
"hoanghuuson_2016_6_10_12","71.23529411764706","86.61983918128911","3.125","3.125","87.0","63.0","827.0588235294117","86.61983918128911","14","395a4c4eeafa553e","14"
"hoanghuuson_2016_6_10_13","76.25","95.85092592145368","3.8947368421052633","3.8947368421052633","99.0","63.0","786.0","95.85092592145368","15","395a4c4eeafa553e","15"
"hoanghuuson_2016_6_10_15","73.5625","72.11969217904358","3.2","3.200000000000001","80.0","56.0","801.5","72.11969217904358","17","395a4c4eeafa553e","16"
"hoanghuuson_2016_6_10_14","75.05882352941177","112.15491094215584","4.515151515151516","4.488123292502697","90.0","51.0","804.7352941176471","112.15491094215584","16","395a4c4eeafa553e","17"
"hoanghuuson_2016_6_10_16","71.0","0.0","0.0","0.0","71.0","71.0","850.0","0.0","18","395a4c4eeafa553e","18"
"hoanghuuson_2016_6_10_17","77.625","41.371601068849145","2.4285714285714284","2.4285714285714284","82.0","73.0","791.125","41.371601068849145","19","395a4c4eeafa553e","19"
"user001_2016_6_21_15","71.75","113.06959969417068","1.8571428571428572","1.749635530559413","81.0","65.0","858.625","113.06959969417068","1","395a4c4eeafa553e","20"
"user001_2016_6_26_10","88.53846153846153","137.4943140298265","6.2","6.200000000000002","122.0","62.0","685.0769230769231","137.4943140298265","2","395a4c4eeafa553e","21"
"user001_2016_6_27_14","69.17647058823529","99.57824556407579","1.875","1.8285923547909742","79.0","59.0","851.2352941176471","99.57824556407579","4","395a4c4eeafa553e","22"
"user001_2016_6_27_16","72.4375","118.12055216493869","4.933333333333334","4.933333333333334","91.0","56.0","836.6875","118.12055216493869","6","395a4c4eeafa553e","23"
"user001_2016_6_27_17","70.85714285714286","113.99435081678648","3.45","3.45","80.0","63.0","830.952380952381","113.99435081678648","7","395a4c4eeafa553e","24"
"user001_2016_6_27_18","73.27272727272727","86.53566598578477","3.0","3.0","85.0","67.0","801.8181818181819","86.53566598578477","8","395a4c4eeafa553e","25"
"user001_2016_6_27_20","75.8","189.06625161567044","4.842105263157895","4.794676179638207","113.0","55.0","826.95","189.06625161567044","10","395a4c4eeafa553e","26"
"user001_2016_6_27_13","71.52941176470588","122.99056142929035","5.5625","5.50532412760593","94.0","57.0","845.2941176470588","122.99056142929035","3","395a4c4eeafa553e","27"
"user001_2016_6_27_15","77.75","306.25683382397995","8.91304347826087","8.871909323660773","158.0","55.0","904.4583333333334","306.25683382397995","5","395a4c4eeafa553e","28"
"user001_2016_6_27_21","68.2","51.05839793804737","2.25","2.25","73.0","64.0","850.8","51.05839793804737","11","395a4c4eeafa553e","29"
"user001_2016_6_27_19","73.26666666666667","105.57777543908882","3.142857142857143","3.142857142857143","93.0","65.0","835.0","105.57777543908882","9","395a4c4eeafa553e","30"
"user001_2016_6_28_9","117.0","99.47487119871028","13.571428571428571","13.571428571428571","154.0","90.0","638.5","99.47487119871028","12","395a4c4eeafa553e","31"
"user001_2016_6_28_10","87.04761904761905","93.91695564605534","3.2","3.1189741903388692","105.0","71.0","709.7142857142857","93.91695564605534","13","395a4c4eeafa553e","32"
"user001_2016_6_28_11","79.22222222222223","144.8126077315946","3.3529411764705883","3.352941176470588","95.0","56.0","759.5555555555555","144.8126077315946","14","395a4c4eeafa553e","33"
"user001_2016_6_28_13","84.42105263157895","119.14368987304825","8.38888888888889","8.38888888888889","145.0","68.0","760.7894736842105","119.14368987304825","16","395a4c4eeafa553e","34"
"user001_2016_6_28_14","68.8","104.64859053040323","3.9473684210526314","3.9011327284645105","86.0","54.0","889.85","104.64859053040323","17","395a4c4eeafa553e","35"
"user001_2016_6_28_16","81.57142857142857","139.01886525921287","5.166666666666667","5.166666666666667","97.0","62.0","768.4285714285714","139.01886525921287","18","395a4c4eeafa553e","36"
"user001_2016_6_28_12","75.75","140.61777759230873","2.7333333333333334","2.640650873750076","86.0","59.0","791.875","140.61777759230873","15","395a4c4eeafa553e","37"
"user001_2016_6_28_17","88.0","63.80242942083005","2.3333333333333335","2.3333333333333335","105.0","79.0","730.5","63.80242942083005","19","395a4c4eeafa553e","38"
"user001_2016_6_29_11","71.15","119.71821081188943","2.736842105263158","2.6638464943577844","81.0","58.0","852.5","119.71821081188943","20","395a4c4eeafa553e","39"
"user001_2016_6_29_11","71.15","119.71821081188943","2.736842105263158","2.6638464943577844","81.0","58.0","852.5","119.71821081188943","20","395a4c4eeafa553e","40"
"user001_2016_6_29_12","68.36363636363636","139.65823100556338","3.761904761904762","3.6359255559659185","81.0","55.0","880.8181818181819","139.65823100556338","21","395a4c4eeafa553e","41"
"user001_2016_6_29_13","65.5","128.0","5.0","5.0","71.0","60.0","928.0","128.0","22","395a4c4eeafa553e","42"
"user001_2016_6_30_9","139.54545454545453","541.0429265290394","14.238095238095237","14.238095238095239","172.0","96.0","769.7727272727273","541.0429265290394","23","395a4c4eeafa553e","43"
"user001_2016_6_30_10","89.78260869565217","130.27561302759793","5.045454545454546","5.77128731959511","124.0","57.0","697.2173913043479","130.27561302759793","24","395a4c4eeafa553e","44"
"user001_2016_6_30_11","70.5","156.16012415146193","4.533333333333333","4.533333333333332","90.0","53.0","912.125","156.16012415146193","25","395a4c4eeafa553e","45"
"user001_2016_6_30_13","89.1","182.3902135532496","7.315789473684211","7.3157894736842115","162.0","50.0","812.9","182.3902135532496","27","395a4c4eeafa553e","46"
"user001_2016_6_30_12","76.3","149.07031897732023","3.2222222222222223","3.2222222222222223","93.0","56.0","843.8","149.07031897732023","26","395a4c4eeafa553e","47"
"user001_2016_6_30_15","64.4","146.66393558063277","3.8421052631578947","3.5466811765960937","81.0","54.0","956.3","146.66393558063277","29","395a4c4eeafa553e","48"
"user001_2016_6_30_17","88.76190476190476","214.27283559182754","11.0","10.95216873500404","166.0","51.0","790.0952380952381","214.27283559182754","31","395a4c4eeafa553e","49"
"user001_2016_6_30_18","67.3125","143.80363129976934","3.6666666666666665","5.1229331875835005","84.0","53.0","919.125","143.80363129976934","32","395a4c4eeafa553e","50"
"user001_2016_6_30_19","64.25","142.0816226680988","9.0","9.0","75.0","55.0","962.75","142.0816226680988","33","395a4c4eeafa553e","51"
"user001_2016_6_30_20","78.66666666666667","143.8450893225842","13.181818181818182","13.005720292647329","119.0","63.0","776.5833333333334","143.8450893225842","34","395a4c4eeafa553e","52"
"user001_2016_6_30_14","82.73076923076923","154.49852549036908","7.6","7.524892025803426","147.0","61.0","835.8846153846154","154.49852549036908","28","395a4c4eeafa553e","53"
"user001_2016_6_30_16","82.26086956521739","182.9174925307145","8.409090909090908","8.366229835050705","155.0","56.0","780.1304347826087","182.9174925307145","30","395a4c4eeafa553e","54"
"user001_2016_6_30_22","142.16666666666666","118.02645066066994","10.636363636363637","10.636363636363637","158.0","105.0","467.4166666666667","118.02645066066994","36","395a4c4eeafa553e","55"
"user001_2016_6_30_21","76.0","146.4189195425236","3.0","3.0","92.0","67.0","788.0","146.4189195425236","35","395a4c4eeafa553e","56"
"user001_2016_7_1_9","127.71428571428571","286.74713314582056","15.166666666666666","15.166666666666668","170.0","91.0","766.2857142857143","286.74713314582056","37","395a4c4eeafa553e","57"
"user001_2016_7_1_10","90.56521739130434","152.60594572029999","5.136363636363637","5.0388982791646635","166.0","58.0","770.3478260869565","152.60594572029999","38","395a4c4eeafa553e","58"
"user001_2016_7_4_9","147.16666666666666","574.4742523966298","18.4","18.4","172.0","90.0","858.0","574.4742523966298","39","395a4c4eeafa553e","59"
"user001_2016_7_4_10","84.84615384615384","95.21076744090655","3.88","3.879999999999999","119.0","71.0","722.5769230769231","95.21076744090655","40","395a4c4eeafa553e","60"
"user001_2016_7_4_13","61.142857142857146","108.28712777064653","1.7692307692307692","1.8089193871238225","72.0","55.0","954.4285714285714","108.28712777064653","43","395a4c4eeafa553e","61"
"user001_2016_7_4_11","72.22222222222223","98.39233948400557","2.9411764705882355","2.8533959613258597","78.0","60.0","804.0555555555555","98.39233948400557","41","395a4c4eeafa553e","62"
"user001_2016_7_4_12","67.94736842105263","137.81568646167622","6.166666666666667","6.166666666666668","104.0","53.0","919.3157894736842","137.81568646167622","42","395a4c4eeafa553e","63"
"user001_2016_7_4_14","60.07692307692308","125.00461529941143","2.4166666666666665","2.280655363900668","74.0","51.0","1029.0","125.00461529941143","44","395a4c4eeafa553e","64"
"user001_2016_7_4_15","62.8","179.28114094906917","3.1052631578947367","3.354824532733324","97.0","51.0","1023.65","179.28114094906917","45","395a4c4eeafa553e","65"
"user001_2016_7_4_16","62.18181818181818","137.51880412366634","3.2857142857142856","3.2450904833144416","72.0","54.0","1002.8181818181819","137.51880412366634","46","395a4c4eeafa553e","66"
"user001_2016_7_4_18","64.77272727272727","184.39342708028727","3.142857142857143","3.5685702847990846","94.0","53.0","967.8636363636364","184.39342708028727","48","395a4c4eeafa553e","67"
"user001_2016_7_4_20","63.5","26.5","3.0","3.0","65.0","62.0","926.5","26.5","50","395a4c4eeafa553e","68"
"user001_2016_7_4_17","61.0","121.41440220876562","2.388888888888889","2.3863035105460586","78.0","54.0","989.2631578947369","121.41440220876562","47","395a4c4eeafa553e","69"
"user001_2016_7_4_19","82.0","276.5119368328837","6.125","5.894913061275798","136.0","53.0","826.8235294117648","276.5119368328837","49","395a4c4eeafa553e","70"
"user001_2016_7_4_21","104.2","151.32957410896256","10.75","10.286520305720492","159.0","75.0","681.4","151.32957410896256","51","395a4c4eeafa553e","71"
"user001_2016_7_5_9","113.76923076923077","183.49828691782153","11.5","11.5","180.0","65.0","628.3846153846154","183.49828691782153","52","395a4c4eeafa553e","72"
"user001_2016_7_5_11","75.53333333333333","143.45817818754318","8.142857142857142","7.776768873432407","92.0","54.0","806.1333333333333","143.45817818754318","53","395a4c4eeafa553e","73"
"user001_2016_7_5_12","72.66666666666667","131.6290877247646","5.5","5.394085079617659","97.0","57.0","839.074074074074","131.6290877247646","54","395a4c4eeafa553e","74"
"user001_2016_7_5_13","61.76923076923077","127.9215273508072","3.5833333333333335","3.4369317712168796","70.0","53.0","982.0769230769231","127.9215273508072","55","395a4c4eeafa553e","75"
"user001_2016_7_5_14","59.5","136.1078960788095","2.0","2.0","65.0","54.0","978.875","136.1078960788095","56","395a4c4eeafa553e","76"
"user001_2016_7_6_9","140.8","176.59898074451053","13.0","12.509996003196804","175.0","78.0","487.0","176.59898074451053","57","395a4c4eeafa553e","77"
"user001_2016_7_6_10","101.375","75.3017886573752","9.857142857142858","9.857142857142856","121.0","83.0","625.875","75.3017886573752","58","395a4c4eeafa553e","78"
"user001_2016_7_6_14","71.52380952380952","103.541703451998","2.4","2.298260211551338","82.0","58.0","850.8571428571429","103.541703451998","60","395a4c4eeafa553e","79"
"user001_2016_7_6_15","72.55555555555556","147.89619315796224","5.0588235294117645","4.914493782165982","84.0","56.0","853.2222222222222","147.89619315796224","61","395a4c4eeafa553e","80"
"user001_2016_7_6_13","67.11111111111111","127.21373091507589","2.5","2.3979157616563596","77.0","56.0","885.0","127.21373091507589","59","395a4c4eeafa553e","81"
"user001_2016_7_6_16","70.42857142857143","123.29986675928382","3.8333333333333335","3.8333333333333335","77.0","63.0","860.0","123.29986675928382","62","395a4c4eeafa553e","82"
"user001_2016_7_6_14","71.52380952380952","103.541703451998","2.4","2.298260211551338","82.0","58.0","850.8571428571429","103.541703451998","60","395a4c4eeafa553e","83"
"user001_2016_7_6_17","64.75","93.61664589638366","3.272727272727273","3.1947787983282874","78.0","57.0","937.0833333333334","93.61664589638366","63","395a4c4eeafa553e","84"
"user001_2016_7_6_13","67.11111111111111","127.21373091507589","2.5","2.3979157616563596","77.0","56.0","885.0","127.21373091507589","59","395a4c4eeafa553e","85"
"user001_2016_7_6_15","72.55555555555556","147.89619315796224","5.0588235294117645","4.914493782165982","84.0","56.0","853.2222222222222","147.89619315796224","61","395a4c4eeafa553e","86"
"user001_2016_7_6_18","91.45454545454545","261.2099310883366","10.523809523809524","10.252592172641192","156.0","52.0","808.0909090909091","261.2099310883366","64","395a4c4eeafa553e","87"
"user001_2016_7_6_17","64.75","93.61664589638366","3.272727272727273","3.1947787983282874","78.0","57.0","937.0833333333334","93.61664589638366","63","395a4c4eeafa553e","88"
"user001_2016_7_6_20","81.19047619047619","117.58102335051431","10.85","10.476944926838167","149.0","58.0","781.8095238095239","117.58102335051431","66","395a4c4eeafa553e","89"
"user001_2016_7_6_21","80.45454545454545","173.57700079967844","12.4","12.4","118.0","53.0","778.4545454545455","173.57700079967844","67","395a4c4eeafa553e","90"
"user001_2016_7_6_19","90.76923076923077","174.44159430160343","9.083333333333334","8.853357806191076","129.0","55.0","701.2307692307693","174.44159430160343","65","395a4c4eeafa553e","91"
"user001_2016_7_6_14","71.52380952380952","103.541703451998","2.4","2.298260211551338","82.0","58.0","850.8571428571429","103.541703451998","60","395a4c4eeafa553e","92"
"user001_2016_7_6_13","67.11111111111111","127.21373091507589","2.5","2.3979157616563596","77.0","56.0","885.0","127.21373091507589","59","395a4c4eeafa553e","93"
"user001_2016_7_6_22","67.71428571428571","101.9885948005352","7.833333333333333","7.32006375199925","79.0","60.0","926.5714285714286","101.9885948005352","68","395a4c4eeafa553e","94"
"user001_2016_7_7_10","89.25","115.09181117699035","4.933333333333334","4.772141378179541","105.0","61.0","694.5","115.09181117699035","71","395a4c4eeafa553e","95"
"user001_2016_7_7_11","77.72727272727273","150.8231135146332","6.523809523809524","6.607732706403489","94.0","54.0","800.5454545454545","150.8231135146332","72","395a4c4eeafa553e","96"
"user001_2016_7_7_9","121.71875","102.77765366921936","8.709677419354838","8.70967741935484","173.0","83.0","585.0625","102.77765366921936","70","395a4c4eeafa553e","97"
"user001_2016_7_6_23","75.25","21.76436307361187","2.0","2.0","77.0","72.0","756.75","21.76436307361187","69","395a4c4eeafa553e","98"
"user001_2016_7_7_12","71.30434782608695","144.92751594202758","4.818181818181818","4.681597523484995","86.0","53.0","852.5652173913044","144.92751594202758","73","395a4c4eeafa553e","99"
"user001_2016_7_7_13","71.2","146.75572084249393","5.791666666666667","5.715020414078444","119.0","53.0","868.72","146.75572084249393","74","395a4c4eeafa553e","100"
"user001_2016_7_7_14","71.44736842105263","156.43879840189697","7.054054054054054","6.93784362858917","160.0","54.0","923.8157894736842","156.43879840189697","75","395a4c4eeafa553e","101"
"user001_2016_7_7_15","99.3","304.4440999592536","13.894736842105264","13.741680938438732","158.0","53.0","875.3","304.4440999592536","76","395a4c4eeafa553e","102"
"user001_2016_7_7_17","68.75","115.0615777167455","3.1818181818181817","3.10424928708434","76.0","55.0","892.0","115.0615777167455","78","395a4c4eeafa553e","103"
"user001_2016_7_7_16","70.18518518518519","156.97192046172805","4.461538461538462","4.349386136377594","87.0","53.0","866.9629629629629","156.97192046172805","77","395a4c4eeafa553e","104"
"user001_2016_7_7_19","78.5","24.5","0.0","0.0","80.0","77.0","775.5","24.5","79","395a4c4eeafa553e","105"
"user001_2016_7_7_20","69.5","131.41365035642227","3.263157894736842","3.263157894736842","81.0","53.0","889.55","131.41365035642227","80","395a4c4eeafa553e","106"
"user001_2016_7_7_21","66.125","152.59049569026243","1.2857142857142858","1.8405855323893037","75.0","57.0","901.125","152.59049569026243","81","395a4c4eeafa553e","107"
"user001_2016_7_7_22","66.66666666666667","178.61317607239022","7.0","7.0","75.0","56.0","915.0","178.61317607239022","82","395a4c4eeafa553e","108"
"user001_2016_7_7_23","98.47619047619048","192.99812601160392","5.15","5.058903043150758","153.0","66.0","760.2380952380952","192.99812601160392","83","395a4c4eeafa553e","109"
"user001_2016_7_7_23","98.47619047619048","192.99812601160392","5.15","5.058903043150758","153.0","66.0","760.2380952380952","192.99812601160392","83","395a4c4eeafa553e","110"
"user001_2016_7_8_11","96.17647058823529","43.31145752501498","2.3125","2.3125","110.0","86.0","624.0","43.31145752501498","84","395a4c4eeafa553e","111"
"user001_2016_7_8_13","84.05263157894737","68.08988681867969","3.6666666666666665","3.666666666666667","105.0","66.0","712.3684210526316","68.08988681867969","86","395a4c4eeafa553e","112"
"user001_2016_7_8_12","88.53846153846153","54.720051385836975","2.0","2.0","94.0","81.0","669.1538461538462","54.720051385836975","85","395a4c4eeafa553e","113"
"user001_2016_7_8_14","80.84210526315789","59.60911454967371","3.7222222222222223","3.617349786616992","93.0","70.0","747.2631578947369","59.60911454967371","87","395a4c4eeafa553e","114"
"user001_2016_7_8_15","75.6","76.17086057016817","4.0","4.0","87.0","63.0","794.0","76.17086057016817","88","395a4c4eeafa553e","115"
"user001_2016_7_8_16","79.875","123.37593401368842","7.066666666666666","7.004443034404822","109.0","60.0","762.5625","123.37593401368842","89","395a4c4eeafa553e","116"
"user001_2016_7_8_17","78.82352941176471","53.335719381458766","1.75","1.75","87.0","73.0","729.6470588235294","53.335719381458766","90","395a4c4eeafa553e","117"
"user001_2016_7_8_19","73.875","137.03261116769795","5.870967741935484","5.8413823859579885","100.0","53.0","820.53125","137.03261116769795","92","395a4c4eeafa553e","118"
"user001_2016_7_8_18","72.875","143.5629701172586","3.5652173913043477","3.565217391304348","90.0","55.0","823.9166666666666","143.5629701172586","91","395a4c4eeafa553e","119"
"user001_2016_7_8_21","69.5","144.4219300437126","3.769230769230769","3.7692307692307687","81.0","57.0","877.8571428571429","144.4219300437126","94","395a4c4eeafa553e","120"
"user001_2016_7_8_20","70.8","116.80060882641932","6.714285714285714","6.591583997176758","101.0","56.0","882.4666666666667","116.80060882641932","93","395a4c4eeafa553e","121"
"user001_2016_7_8_22","69.9375","147.54443186714977","4.733333333333333","4.7333333333333325","92.0","54.0","881.125","147.54443186714977","95","395a4c4eeafa553e","122"
"user001_2016_7_11_19","102.5","180.89151388586023","6.461538461538462","6.281841964069016","141.0","69.0","697.2142857142857","180.89151388586023","97","395a4c4eeafa553e","123"
"user001_2016_7_11_21","82.21739130434783","96.37132816481014","9.272727272727273","9.272727272727272","138.0","66.0","768.9565217391304","96.37132816481014","99","395a4c4eeafa553e","124"
"user001_2016_7_11_20","98.3076923076923","76.93153799620502","6.5","6.5","137.0","80.0","651.0","76.93153799620502","98","395a4c4eeafa553e","125"
"user001_2016_7_8_23","113.0","668.5884301189251","14.0","13.930952177486956","177.0","60.0","831.3333333333334","668.5884301189251","96","395a4c4eeafa553e","126"
"user001_2016_7_12_13","131.8","88.06245258653404","9.857142857142858","9.789102645914225","160.0","85.0","499.06666666666666","88.06245258653404","100","395a4c4eeafa553e","127"
"user001_2016_7_12_16","75.6875","97.87803315862043","10.733333333333333","10.482366145102926","104.0","60.0","805.625","97.87803315862043","102","395a4c4eeafa553e","128"
"user001_2016_7_12_14","115.66666666666667","78.54007391056201","10.75","10.75","145.0","84.0","593.8888888888889","78.54007391056201","101","395a4c4eeafa553e","129"
"user001_2016_7_12_17","66.33333333333333","143.30319450575954","3.764705882352941","3.7133444946086183","80.0","57.0","927.8333333333334","143.30319450575954","103","395a4c4eeafa553e","130"
"user001_2016_7_12_18","68.72222222222223","134.3378020578288","3.0","3.0","80.0","56.0","875.2777777777778","134.3378020578288","104","395a4c4eeafa553e","131"
"user001_2016_7_13_10","117.0909090909091","128.60921653797755","12.2","12.199999999999998","164.0","75.0","622.1818181818181","128.60921653797755","105","395a4c4eeafa553e","132"
"user001_2016_7_13_10","117.0909090909091","128.60921653797755","12.2","12.199999999999998","164.0","75.0","622.1818181818181","128.60921653797755","105","395a4c4eeafa553e","133"
"user001_2016_7_13_12","83.35","97.72353861787855","6.842105263157895","6.842105263157895","101.0","60.0","745.1","97.72353861787855","107","395a4c4eeafa553e","134"
"user001_2016_7_13_11","100.46153846153847","85.13414406222158","9.16","9.160000000000002","145.0","79.0","632.1538461538462","85.13414406222158","106","395a4c4eeafa553e","135"
"feu-jd_2016_7_14_13","67.8","27.796402644946703","2.0","2.0","71.0","64.0","867.6","27.796402644946703","1","1129a092786099b3","136"
"feu-jd_2016_7_14_14","62.42857142857143","58.87297521685441","1.7","1.6583123951777001","70.0","57.0","951.1428571428571","58.87297521685441","2","1129a092786099b3","137"
"feu-jd_2016_7_14_16","67.6923076923077","227.46321635134638","10.333333333333334","10.25372561018135","124.0","51.0","986.8461538461538","227.46321635134638","4","1129a092786099b3","138"
"feu-jd_2016_7_14_15","59.61290322580645","56.66637489468048","2.1666666666666665","2.1304668241699725","65.0","52.0","997.2258064516129","56.66637489468048","3","1129a092786099b3","139"
"abc_2016_7_19_17","125.125","101.61815782624679","16.428571428571427","16.428571428571427","164.0","86.0","522.0","101.61815782624679","5","1129a092786099b3","140"
"abc_2016_7_19_19","94.2","45.2990066116245","8.75","8.75","118.0","78.0","703.0","45.2990066116245","7","1129a092786099b3","141"
"abc_2016_7_20_12","68.2","125.59872610818948","0.75","0.6614378277661477","78.0","55.0","901.4","125.59872610818948","8","1129a092786099b3","142"
"abc_2016_7_20_13","68.13333333333334","174.88962868684416","3.0714285714285716","3.0714285714285716","83.0","53.0","885.4666666666667","174.88962868684416","9","1129a092786099b3","143"
"abc_2016_7_20_15","68.92307692307692","141.50313104194748","4.0","3.926406329796582","92.0","54.0","890.3076923076923","141.50313104194748","11","1129a092786099b3","144"
"abc_2016_7_20_14","69.15384615384616","155.1720938127241","3.3333333333333335","3.1165626839457223","80.0","57.0","875.0769230769231","155.1720938127241","10","1129a092786099b3","145"
"abc_2016_7_19_18","97.86363636363636","659.3646594504679","10.761904761904763","10.761904761904763","142.0","56.0","801.1363636363636","659.3646594504679","6","1129a092786099b3","146"
"abc_2016_7_20_16","81.06896551724138","167.7385642049019","9.035714285714286","9.001913061983558","128.0","56.0","795.3448275862069","167.7385642049019","12","1129a092786099b3","147"
"abc_2016_7_20_17","84.27272727272727","122.24971057445164","2.0","2.0","98.0","71.0","719.9090909090909","122.24971057445164","13","1129a092786099b3","148"
"abc_2016_7_20_18","84.47619047619048","97.4221475329505","6.6","6.599999999999998","112.0","66.0","732.1428571428571","97.4221475329505","14","1129a092786099b3","149"
"abc_2016_7_20_19","69.375","100.43405796840034","2.4285714285714284","2.4285714285714284","75.0","62.0","871.5","100.43405796840034","15","1129a092786099b3","150"
"abc_2016_7_20_20","74.625","108.85626991588495","3.2857142857142856","3.0805512361211176","87.0","65.0","830.75","108.85626991588495","16","1129a092786099b3","151"
"abc_2016_7_20_22","66.0","0.0","0.0","0.0","66.0","66.0","895.0","0.0","18","1129a092786099b3","152"
"abc_2016_7_22_13","82.56","129.97437285865243","9.708333333333334","9.708333333333334","142.0","59.0","782.68","129.97437285865243","20","1129a092786099b3","153"
"abc_2016_7_20_21","70.375","185.5040009676341","1.4285714285714286","1.3324827218698307","78.0","51.0","868.375","185.5040009676341","17","1129a092786099b3","154"
"abc_2016_7_22_15","77.75","138.81818971560742","4.333333333333333","4.135562919172698","92.0","54.0","789.7142857142857","138.81818971560742","22","1129a092786099b3","155"
"abc_2016_7_22_16","68.72727272727273","161.64224986725702","5.0","4.820590756130958","95.0","52.0","896.3181818181819","161.64224986725702","23","1129a092786099b3","156"
"abc_2016_7_22_17","88.75","249.15836106558592","9.818181818181818","9.731519888426625","157.0","53.0","832.3333333333334","249.15836106558592","24","1129a092786099b3","157"
"abc_2016_7_22_18","114.96296296296296","1124.2174562285043","12.692307692307692","12.408096377459955","167.0","69.0","870.0","1124.2174562285043","25","1129a092786099b3","158"
"abc_2016_7_22_12","83.5","73.5","7.0","7.0","87.0","80.0","758.5","73.5","19","1129a092786099b3","159"
"abc_2016_7_22_14","74.1","115.91689911311465","5.315789473684211","5.267892607179424","88.0","58.0","840.65","115.91689911311465","21","1129a092786099b3","160"
"abc_2016_7_22_19","97.0","177.98283625113967","9.88888888888889","13.69914839202301","128.0","58.0","712.9","177.98283625113967","26","1129a092786099b3","161"
"abc_2016_7_22_20","112.57142857142857","279.02995916611695","10.407407407407407","10.372089804546635","165.0","78.0","637.6785714285714","279.02995916611695","27","1129a092786099b3","162"
"abc_2016_7_22_22","87.0","0.0","0.0","0.0","87.0","87.0","620.0","0.0","29","1129a092786099b3","163"
"abc_2016_7_22_21","85.35714285714286","67.66035374861525","2.923076923076923","2.9230769230769225","101.0","72.0","728.9285714285714","67.66035374861525","28","1129a092786099b3","164"
"abc_2016_7_22_23","83.5","24.0","1.0","1.0","85.0","82.0","729.0","24.0","30","1129a092786099b3","165"
"abc_2016_7_26_8","99.45454545454545","51.00324086283534","4.0","4.0","119.0","82.0","606.1818181818181","51.00324086283534","31","1129a092786099b3","166"
"abc_2016_7_26_9","97.0","98.55341450302004","3.769230769230769","3.7692307692307687","117.0","73.0","637.7142857142857","98.55341450302004","32","1129a092786099b3","167"
"abc_2016_7_26_10","78.0","8.5","0.0","0.0","79.0","77.0","736.5","8.5","33","1129a092786099b3","168"
"abc_2016_7_26_13","67.85714285714286","91.33723115968847","3.1666666666666665","2.9297326385411577","74.0","60.0","884.2857142857143","91.33723115968847","34","1129a092786099b3","169"
"abc_2016_7_26_15","71.0","0.0","0.0","0.0","71.0","71.0","850.0","0.0","36","1129a092786099b3","170"
"abc_2016_7_26_17","66.42857142857143","148.6902169352271","1.8461538461538463","1.7737272421486576","82.0","60.0","937.0714285714286","148.6902169352271","38","1129a092786099b3","171"
"abc_2016_7_26_18","59.55555555555556","112.98748974778655","1.411764705882353","1.7029565650618572","67.0","53.0","987.7777777777778","112.98748974778655","39","1129a092786099b3","172"
"abc_2016_7_26_19","62.6","149.60323822995574","3.0714285714285716","2.949403260294654","72.0","53.0","961.9333333333333","149.60323822995574","40","1129a092786099b3","173"
"abc_2016_7_26_20","118.41176470588235","571.6267928565094","6.0625","6.004880827293744","169.0","54.0","961.5294117647059","571.6267928565094","41","1129a092786099b3","174"
"abc_2016_7_26_14","67.83333333333333","122.71985813325779","2.1176470588235294","2.072225288683357","82.0","58.0","886.9444444444445","122.71985813325779","35","1129a092786099b3","175"
"abc_2016_7_26_21","177.0","0.0","0.0","0.0","177.0","177.0","2420.0","0.0","42","1129a092786099b3","176"
"abc_2016_7_26_16","65.0","70.33391340598077","2.2","2.2","77.0","58.0","927.875","70.33391340598077","37","1129a092786099b3","177"
"abc_2016_7_27_8","99.2","178.72504021541022","4.25","3.848701079585163","114.0","65.0","651.6","178.72504021541022","43","1129a092786099b3","178"
"abc_2016_7_27_9","68.42857142857143","147.50565537411418","2.3333333333333335","2.147349787787521","87.0","54.0","887.2857142857143","147.50565537411418","44","1129a092786099b3","179"
"abc_2016_7_27_10","76.0","151.8704711258907","6.947368421052632","6.715220236558497","110.0","58.0","828.6","151.8704711258907","45","1129a092786099b3","180"
"abc_2016_7_27_11","68.0","0.0","0.0","0.0","68.0","68.0","866.0","0.0","46","1129a092786099b3","181"
"abc_2016_7_27_12","67.57142857142857","102.88194145500474","2.8333333333333335","2.608745973749755","75.0","58.0","872.8571428571429","102.88194145500474","47","1129a092786099b3","182"
"abc_2016_7_27_15","69.66666666666667","76.53466897789234","5.5","3.8890872965260113","77.0","66.0","890.3333333333334","76.53466897789234","49","1129a092786099b3","183"
"abc_2016_7_27_13","65.0","71.29905718560067","0.0","0.0","68.0","60.0","935.3333333333334","71.29905718560067","48","1129a092786099b3","184"
"sona_2016_8_1_11","90.52941176470588","175.57667712476226","11.3125","10.517818771910362","162.0","64.0","756.3529411764706","175.57667712476226","1","1acc0f4938043ae9","185"
"sona_2016_8_1_13","84.07692307692308","182.17025004099872","11.583333333333334","11.583333333333334","110.0","55.0","759.0","182.17025004099872","3","1acc0f4938043ae9","186"
"sona_2016_8_1_14","92.76923076923077","107.80713658299646","11.416666666666666","11.336702930452635","160.0","67.0","712.9230769230769","107.80713658299646","4","1acc0f4938043ae9","187"
"sona_2016_8_1_16","69.0","226.20156482437093","2.5","2.4324199198877374","98.0","55.0","923.9230769230769","226.20156482437093","6","1acc0f4938043ae9","188"
"sona_2016_8_1_12","93.88461538461539","197.69838736535993","14.72","14.68130784364935","153.0","59.0","737.9615384615385","197.69838736535993","2","1acc0f4938043ae9","189"
"sona_2016_8_1_17","78.0909090909091","108.20221350907968","9.1","9.099999999999998","90.0","60.0","766.9090909090909","108.20221350907968","7","1acc0f4938043ae9","190"
"sona_2016_8_1_15","97.0","0.0","0.0","0.0","97.0","97.0","618.0","0.0","5","1acc0f4938043ae9","191"
